{
  "generated_at": 1776524063.3706691,
  "binary": "/Users/claude/streammoe/anemll-flash-llama.cpp/build/bin/llama-server",
  "runs": [
    {
      "model": "bf16",
      "config": "baseline",
      "startup_s": 42.733256792,
      "rss_bytes": 20001226752,
      "cold_ttft_s": [
        3.633258208000001
      ],
      "warm_ttft_s": [
        0.8131628329999998,
        0.5306125829999999
      ],
      "cold_p50": 3.633258208000001,
      "warm_p50": 0.6718877079999999,
      "warm_p95": 0.5306125829999999
    },
    {
      "model": "bf16",
      "config": "L1_eager",
      "startup_s": 58.387393083,
      "rss_bytes": 20003323904,
      "cold_ttft_s": [
        3.6566849160000032
      ],
      "warm_ttft_s": [
        0.8114457499999901,
        0.5377642499999951
      ],
      "cold_p50": 3.6566849160000032,
      "warm_p50": 0.6746049999999926,
      "warm_p95": 0.5377642499999951
    },
    {
      "model": "bf16",
      "config": "L1L2_warmup",
      "startup_s": 59.36029900000001,
      "rss_bytes": 20291452928,
      "cold_ttft_s": [
        3.5712655410000025
      ],
      "warm_ttft_s": [
        0.7868876659999842,
        0.4236419579999904
      ],
      "cold_p50": 3.5712655410000025,
      "warm_p50": 0.6052648119999873,
      "warm_p95": 0.4236419579999904
    },
    {
      "model": "bf16",
      "config": "L1L2L3L4_full",
      "startup_s": 61.143775792000014,
      "rss_bytes": 20272316416,
      "cold_ttft_s": [
        3.50576700000002
      ],
      "warm_ttft_s": [
        0.8390774999999735,
        1.1572078750000117
      ],
      "cold_p50": 3.50576700000002,
      "warm_p50": 0.9981426874999926,
      "warm_p95": 0.8390774999999735
    }
  ]
}