{
  "generated_at": 1776551944.736384,
  "binary": "/Users/claude/streammoe/anemll-flash-llama.cpp/build/bin/llama-server",
  "runs": [
    {
      "model": "bf16",
      "config": "baseline",
      "startup_s": 43.787537584,
      "rss_bytes": 20000669696,
      "cold_ttft_s": [
        3.663595832999995
      ],
      "warm_ttft_s": [
        0.8064206669999976,
        0.5469306249999946
      ],
      "cold_p50": 3.663595832999995,
      "warm_p50": 0.6766756459999961,
      "warm_p95": 0.5469306249999946
    },
    {
      "model": "bf16",
      "config": "L1_eager",
      "startup_s": 59.331643375,
      "rss_bytes": 20001193984,
      "cold_ttft_s": [
        3.6541580419999917
      ],
      "warm_ttft_s": [
        0.8132129170000013,
        0.4223493340000033
      ],
      "cold_p50": 3.6541580419999917,
      "warm_p50": 0.6177811255000023,
      "warm_p95": 0.4223493340000033
    },
    {
      "model": "bf16",
      "config": "L1L2_warmup",
      "startup_s": 58.881869834,
      "rss_bytes": 20291158016,
      "cold_ttft_s": [
        3.5592364170000224
      ],
      "warm_ttft_s": [
        0.8404262919999894,
        0.5229545420000079
      ],
      "cold_p50": 3.5592364170000224,
      "warm_p50": 0.6816904169999987,
      "warm_p95": 0.5229545420000079
    },
    {
      "model": "bf16",
      "config": "L1L2L3L4_full",
      "startup_s": 59.877291000000014,
      "rss_bytes": 20312801280,
      "cold_ttft_s": [
        3.4962116670000114
      ],
      "warm_ttft_s": [
        0.8557491659999812,
        0.5525558749999959
      ],
      "cold_p50": 3.4962116670000114,
      "warm_p50": 0.7041525204999886,
      "warm_p95": 0.5525558749999959
    }
  ]
}